{"v":"4.11.1","fr":30,"ip":900,"op":1021,"w":3000,"h":3000,"nm":"Comp 1","ddd":0,"assets":[],"layers":[{"ddd":0,"ind":1,"ty":3,"nm":"Null 1","sr":1,"ks":{"o":{"a":0,"k":0,"ix":11},"r":{"a":0,"k":0,"ix":10},"p":{"a":0,"k":[1500,1500,0],"ix":2},"a":{"a":0,"k":[0,0,0],"ix":1},"s":{"a":0,"k":[300,300,100],"ix":6}},"ao":0,"ip":0,"op":1050,"st":0,"bm":0},{"ddd":0,"ind":2,"ty":4,"nm":"Border","parent":1,"sr":1,"ks":{"o":{"a":0,"k":100,"ix":11},"r":{"a":0,"k":-90,"ix":10},"p":{"a":0,"k":[24,-8,0],"ix":2},"a":{"a":0,"k":[0,0,0],"ix":1},"s":{"a":0,"k":[100,100,100],"ix":6}},"ao":0,"shapes":[{"ty":"gr","it":[{"d":1,"ty":"el","s":{"a":0,"k":[867.234,867.234],"ix":2},"p":{"a":0,"k":[0,0],"ix":3},"nm":"Ellipse Path 1","mn":"ADBE Vector Shape - Ellipse","hd":false},{"ty":"st","c":{"a":0,"k":[0,0.674509823322,0.941176474094,1],"ix":3},"o":{"a":0,"k":100,"ix":4},"w":{"a":0,"k":18,"ix":5},"lc":1,"lj":1,"ml":4,"nm":"Stroke 1","mn":"ADBE Vector Graphic - Stroke","hd":false},{"ty":"tr","p":{"a":0,"k":[-5.258,-28.508],"ix":2},"a":{"a":0,"k":[0,0],"ix":1},"s":{"a":0,"k":[109.918,109.918],"ix":3},"r":{"a":0,"k":0,"ix":6},"o":{"a":0,"k":100,"ix":7},"sk":{"a":0,"k":0,"ix":4},"sa":{"a":0,"k":0,"ix":5},"nm":"Transform"}],"nm":"Ellipse 1","np":3,"cix":2,"ix":1,"mn":"ADBE Vector Group","hd":false}],"ip":-3,"op":1055,"st":-3,"bm":0},{"ddd":0,"ind":3,"ty":4,"nm":"Shape Layer 8","parent":1,"td":1,"sr":1,"ks":{"o":{"a":0,"k":100,"ix":11},"r":{"a":0,"k":0,"ix":10},"p":{"a":0,"k":[0,0,0],"ix":2},"a":{"a":0,"k":[0,0,0],"ix":1},"s":{"a":0,"k":[100,100,100],"ix":6}},"ao":0,"shapes":[{"ty":"gr","it":[{"d":1,"ty":"el","s":{"a":0,"k":[867.234,867.234],"ix":2},"p":{"a":0,"k":[0,0],"ix":3},"nm":"Ellipse Path 1","mn":"ADBE Vector Shape - Ellipse","hd":false},{"ty":"fl","c":{"a":0,"k":[1,1,1,1],"ix":4},"o":{"a":0,"k":100,"ix":5},"r":1,"nm":"Fill 1","mn":"ADBE Vector Graphic - Fill","hd":false},{"ty":"tr","p":{"a":0,"k":[-4.883,-6.82],"ix":2},"a":{"a":0,"k":[0,0],"ix":1},"s":{"a":0,"k":[109.918,109.918],"ix":3},"r":{"a":0,"k":0,"ix":6},"o":{"a":0,"k":100,"ix":7},"sk":{"a":0,"k":0,"ix":4},"sa":{"a":0,"k":0,"ix":5},"nm":"Transform"}],"nm":"Ellipse 1","np":3,"cix":2,"ix":1,"mn":"ADBE Vector Group","hd":false}],"ip":0,"op":1051,"st":0,"bm":0},{"ddd":0,"ind":4,"ty":4,"nm":"Water 4","parent":1,"tt":1,"sr":1,"ks":{"o":{"a":0,"k":60,"ix":11},"r":{"a":0,"k":0,"ix":10},"p":{"a":1,"k":[{"i":{"x":0.833,"y":0.833},"o":{"x":0.167,"y":0.167},"n":"0p833_0p833_0p167_0p167","t":0,"s":[-9888,-48,0],"e":[-6480,-352,0],"to":[568,-50.6666679382324,0],"ti":[-2405.33325195312,142.66667175293,0]},{"i":{"x":0.833,"y":0.833},"o":{"x":0.167,"y":0.167},"n":"0p833_0p833_0p167_0p167","t":300,"s":[-6480,-352,0],"e":[2398.231,-799.656,0],"to":[1806.92956542969,-107.173759460449,0],"ti":[-2794.87036132812,134.739028930664,0]},{"i":{"x":0.833,"y":0.833},"o":{"x":0.167,"y":0.167},"n":"0p833_0p833_0p167_0p167","t":900,"s":[2398.231,-799.656,0],"e":[3756.053,-800.689,0],"to":[708.663024902344,-34.1642227172852,0],"ti":[-453.749176025391,22.2699031829834,0]},{"i":{"x":0.833,"y":0.833},"o":{"x":0.167,"y":0.167},"n":"0p833_0p833_0p167_0p167","t":1020,"s":[3756.053,-800.689,0],"e":[4544,-904,0],"to":[138.890655517578,-6.81672096252441,0],"ti":[-107.124603271484,5.36400413513184,0]},{"t":1045}],"ix":2},"a":{"a":0,"k":[6000,500,0],"ix":1},"s":{"a":0,"k":[106.367,181.04,100],"ix":6}},"ao":0,"shapes":[{"ty":"gr","it":[{"ind":0,"ty":"sh","ix":1,"ks":{"a":0,"k":{"i":[[0,0],[0,0],[0,0],[0,0]],"o":[[0,0],[0,0],[0,0],[0,0]],"v":[[-6000,459],[6000,459],[6000,-541],[-6000,-541]],"c":true},"ix":2},"nm":"Path 1","mn":"ADBE Vector Shape - Group","hd":false},{"ind":1,"ty":"sh","ix":2,"ks":{"a":0,"k":{"i":[[0,0],[0,0],[0,0],[0,0]],"o":[[0,0],[0,0],[0,0],[0,0]],"v":[[-6000,-541],[6000,-541],[6000,459],[-6000,459]],"c":true},"ix":2},"nm":"Path 2","mn":"ADBE Vector Shape - Group","hd":false},{"ind":2,"ty":"sh","ix":3,"ks":{"a":0,"k":{"i":[[0,0],[0,0]],"o":[[0,0],[0,0]],"v":[[6000,541],[6000,-452.333]],"c":true},"ix":2},"nm":"Path 3","mn":"ADBE Vector Shape - Group","hd":false},{"ind":3,"ty":"sh","ix":4,"ks":{"a":0,"k":{"i":[[126,-30],[276,22],[0,0],[126,-30],[276,22],[0,0],[126,-30],[276,22],[0,0],[126,-30],[276,22],[0,0],[126,-30],[276,22],[0,0],[126,-30],[276,22],[0,0],[126,-30],[276,22],[0,0],[126,-30],[276,22],[0,0],[126,-30],[276,22],[0,0],[126,-30],[276,22],[0,0],[126,-30],[276,22],[0,0],[126,-30],[276,22],[0,0],[0,0],[0,0],[0,0],[0,0],[0,0],[0,0],[0,0],[0,0],[0,0],[0,0],[0,0],[0,0],[0,0],[0,0]],"o":[[-108.293,25.783],[-73.912,-5.892],[0,0],[-108.293,25.783],[-73.912,-5.892],[0,0],[-108.293,25.783],[-73.912,-5.892],[0,0],[-108.292,25.783],[-73.912,-5.892],[0,0],[-108.292,25.783],[-73.913,-5.892],[0,0],[-108.292,25.783],[-73.912,-5.892],[0,0],[-108.292,25.783],[-73.912,-5.892],[0,0],[-108.292,25.783],[-73.912,-5.892],[0,0],[-108.292,25.783],[-73.912,-5.892],[0,0],[-108.292,25.783],[-73.912,-5.892],[0,0],[-108.292,25.783],[-73.912,-5.892],[0,0],[-108.292,25.783],[-73.913,-5.892],[0,0],[0,0],[0,0],[0,0],[0,0],[0,0],[0,0],[0,0],[0,0],[0,0],[0,0],[0,0],[0,0],[0,0],[0,0]],"v":[[5761,-439],[5293,-393],[5000,-439],[4761,-439],[4293,-393],[4000,-439],[3761,-439],[3293,-393],[3000,-439],[2761,-439],[2293,-393],[2000,-439],[1761,-439],[1293,-393],[1000,-439],[761,-439],[293,-393],[0,-439],[-239,-439],[-707,-393],[-1000,-439],[-1239,-439],[-1707,-393],[-2000,-439],[-2239,-439],[-2707,-393],[-3000,-439],[-3239,-439],[-3707,-393],[-4000,-439],[-4239,-439],[-4707,-393],[-5000,-439],[-5239,-439],[-5707,-393],[-6000,-439],[-6000,541],[-5000,541],[-4000,541],[-3000,541],[-2000,541],[-1000,541],[0,541],[1000,541],[2000,541],[3000,541],[4000,541],[5000,541],[6000,541],[6000,-439]],"c":true},"ix":2},"nm":"Path 4","mn":"ADBE Vector Shape - Group","hd":false},{"ty":"mm","mm":1,"nm":"Merge Paths 1","mn":"ADBE Vector Filter - Merge","hd":false},{"ty":"fl","c":{"a":0,"k":[0,0.674509823322,0.941176474094,1],"ix":4},"o":{"a":0,"k":100,"ix":5},"r":1,"nm":"Fill 1","mn":"ADBE Vector Graphic - Fill","hd":false},{"ty":"tr","p":{"a":0,"k":[8535.146,1154.179],"ix":2},"a":{"a":0,"k":[0,0],"ix":1},"s":{"a":0,"k":[127.784,100],"ix":3},"r":{"a":0,"k":0,"ix":6},"o":{"a":0,"k":100,"ix":7},"sk":{"a":0,"k":0,"ix":4},"sa":{"a":0,"k":0,"ix":5},"nm":"Transform"}],"nm":"Group 1","np":6,"cix":2,"ix":1,"mn":"ADBE Vector Group","hd":false}],"ip":0,"op":1050,"st":0,"bm":0},{"ddd":0,"ind":5,"ty":4,"nm":"Shape Layer 7","parent":1,"td":1,"sr":1,"ks":{"o":{"a":0,"k":100,"ix":11},"r":{"a":0,"k":0,"ix":10},"p":{"a":0,"k":[0,0,0],"ix":2},"a":{"a":0,"k":[0,0,0],"ix":1},"s":{"a":0,"k":[100,100,100],"ix":6}},"ao":0,"shapes":[{"ty":"gr","it":[{"d":1,"ty":"el","s":{"a":0,"k":[867.234,867.234],"ix":2},"p":{"a":0,"k":[0,0],"ix":3},"nm":"Ellipse Path 1","mn":"ADBE Vector Shape - Ellipse","hd":false},{"ty":"fl","c":{"a":0,"k":[1,1,1,1],"ix":4},"o":{"a":0,"k":100,"ix":5},"r":1,"nm":"Fill 1","mn":"ADBE Vector Graphic - Fill","hd":false},{"ty":"tr","p":{"a":0,"k":[-4.883,-6.82],"ix":2},"a":{"a":0,"k":[0,0],"ix":1},"s":{"a":0,"k":[109.918,109.918],"ix":3},"r":{"a":0,"k":0,"ix":6},"o":{"a":0,"k":100,"ix":7},"sk":{"a":0,"k":0,"ix":4},"sa":{"a":0,"k":0,"ix":5},"nm":"Transform"}],"nm":"Ellipse 1","np":3,"cix":2,"ix":1,"mn":"ADBE Vector Group","hd":false}],"ip":0,"op":1051,"st":0,"bm":0},{"ddd":0,"ind":6,"ty":4,"nm":"Water 3","parent":1,"tt":1,"sr":1,"ks":{"o":{"a":0,"k":80,"ix":11},"r":{"a":0,"k":0,"ix":10},"p":{"a":1,"k":[{"i":{"x":0.833,"y":0.833},"o":{"x":0.167,"y":0.167},"n":"0p833_0p833_0p167_0p167","t":0,"s":[-9784,72,0],"e":[-6440,-232,0],"to":[557.333312988281,-50.6666679382324,0],"ti":[-2394.66674804688,141.33332824707,0]},{"i":{"x":0.833,"y":0.833},"o":{"x":0.167,"y":0.167},"n":"0p833_0p833_0p167_0p167","t":300,"s":[-6440,-232,0],"e":[2414.454,-672.214,0],"to":[1794.14538574219,-105.89054107666,0],"ti":[-2797.7685546875,132.630996704102,0]},{"i":{"x":0.833,"y":0.833},"o":{"x":0.167,"y":0.167},"n":"0p833_0p833_0p167_0p167","t":900,"s":[2414.454,-672.214,0],"e":[3689.527,-671.589,0],"to":[703.986328125,-33.3731727600098,0],"ti":[-455.841766357422,22.0014419555664,0]},{"i":{"x":0.833,"y":0.833},"o":{"x":0.167,"y":0.167},"n":"0p833_0p833_0p167_0p167","t":1020,"s":[3689.527,-671.589,0],"e":[4584,-776,0],"to":[150.520782470703,-7.26496458053589,0],"ti":[-114.376121520996,5.64410448074341,0]},{"t":1047}],"ix":2},"a":{"a":0,"k":[6000,500,0],"ix":1},"s":{"a":0,"k":[99.467,127.491,100],"ix":6}},"ao":0,"shapes":[{"ty":"gr","it":[{"ind":0,"ty":"sh","ix":1,"ks":{"a":0,"k":{"i":[[0,0],[0,0],[0,0],[0,0]],"o":[[0,0],[0,0],[0,0],[0,0]],"v":[[-6000,459],[6000,459],[6000,-541],[-6000,-541]],"c":true},"ix":2},"nm":"Path 1","mn":"ADBE Vector Shape - Group","hd":false},{"ind":1,"ty":"sh","ix":2,"ks":{"a":0,"k":{"i":[[0,0],[0,0],[0,0],[0,0]],"o":[[0,0],[0,0],[0,0],[0,0]],"v":[[-6000,-541],[6000,-541],[6000,459],[-6000,459]],"c":true},"ix":2},"nm":"Path 2","mn":"ADBE Vector Shape - Group","hd":false},{"ind":2,"ty":"sh","ix":3,"ks":{"a":0,"k":{"i":[[0,0],[0,0]],"o":[[0,0],[0,0]],"v":[[6000,541],[6000,-452.333]],"c":true},"ix":2},"nm":"Path 3","mn":"ADBE Vector Shape - Group","hd":false},{"ind":3,"ty":"sh","ix":4,"ks":{"a":0,"k":{"i":[[126,-30],[276,22],[0,0],[126,-30],[276,22],[0,0],[126,-30],[276,22],[0,0],[126,-30],[276,22],[0,0],[126,-30],[276,22],[0,0],[126,-30],[276,22],[0,0],[126,-30],[276,22],[0,0],[126,-30],[276,22],[0,0],[126,-30],[276,22],[0,0],[126,-30],[276,22],[0,0],[126,-30],[276,22],[0,0],[126,-30],[276,22],[0,0],[0,0],[0,0],[0,0],[0,0],[0,0],[0,0],[0,0],[0,0],[0,0],[0,0],[0,0],[0,0],[0,0],[0,0]],"o":[[-108.293,25.783],[-73.912,-5.892],[0,0],[-108.293,25.783],[-73.912,-5.892],[0,0],[-108.293,25.783],[-73.912,-5.892],[0,0],[-108.292,25.783],[-73.912,-5.892],[0,0],[-108.292,25.783],[-73.913,-5.892],[0,0],[-108.292,25.783],[-73.912,-5.892],[0,0],[-108.292,25.783],[-73.912,-5.892],[0,0],[-108.292,25.783],[-73.912,-5.892],[0,0],[-108.292,25.783],[-73.912,-5.892],[0,0],[-108.292,25.783],[-73.912,-5.892],[0,0],[-108.292,25.783],[-73.912,-5.892],[0,0],[-108.292,25.783],[-73.913,-5.892],[0,0],[0,0],[0,0],[0,0],[0,0],[0,0],[0,0],[0,0],[0,0],[0,0],[0,0],[0,0],[0,0],[0,0],[0,0]],"v":[[5761,-439],[5293,-393],[5000,-439],[4761,-439],[4293,-393],[4000,-439],[3761,-439],[3293,-393],[3000,-439],[2761,-439],[2293,-393],[2000,-439],[1761,-439],[1293,-393],[1000,-439],[761,-439],[293,-393],[0,-439],[-239,-439],[-707,-393],[-1000,-439],[-1239,-439],[-1707,-393],[-2000,-439],[-2239,-439],[-2707,-393],[-3000,-439],[-3239,-439],[-3707,-393],[-4000,-439],[-4239,-439],[-4707,-393],[-5000,-439],[-5239,-439],[-5707,-393],[-6000,-439],[-6000,541],[-5000,541],[-4000,541],[-3000,541],[-2000,541],[-1000,541],[0,541],[1000,541],[2000,541],[3000,541],[4000,541],[5000,541],[6000,541],[6000,-439]],"c":true},"ix":2},"nm":"Path 4","mn":"ADBE Vector Shape - Group","hd":false},{"ty":"mm","mm":1,"nm":"Merge Paths 1","mn":"ADBE Vector Filter - Merge","hd":false},{"ty":"fl","c":{"a":0,"k":[0,0.674509823322,0.941176474094,1],"ix":4},"o":{"a":0,"k":100,"ix":5},"r":1,"nm":"Fill 1","mn":"ADBE Vector Graphic - Fill","hd":false},{"ty":"tr","p":{"a":0,"k":[8535.146,1154.179],"ix":2},"a":{"a":0,"k":[0,0],"ix":1},"s":{"a":0,"k":[127.784,100],"ix":3},"r":{"a":0,"k":0,"ix":6},"o":{"a":0,"k":100,"ix":7},"sk":{"a":0,"k":0,"ix":4},"sa":{"a":0,"k":0,"ix":5},"nm":"Transform"}],"nm":"Group 1","np":6,"cix":2,"ix":1,"mn":"ADBE Vector Group","hd":false}],"ip":0,"op":1050,"st":0,"bm":0}]}